{
  "variables": {
    "ncp_access_key": "eI2p5aZ99AkCcLx63ncu",
    "ncp_secret_key": "ERu0Rk6uabvIvRF3SyM4Nigu66oMPKxbbwXtYR7i"
  },
  "builders": [
    {
      "type": "ncp",
      "access_key": "{{user `ncp_access_key`}}",
      "secret_key": "{{user `ncp_secret_key`}}",

      "os_type": "Linux",
      "server_image_product_code": "SPSW0LINUX000067",
      "server_product_code": "SPSVRSSD00000015",
      "server_image_name": "packer-test-{{timestamp}}",
      "server_image_description": "server description",
      "block_storage_size": 100,

      "communicator": "ssh",
      "ssh_username": "root"
    }
  ],
  "provisioners": [
    {
      "type": "shell",
      "inline": ["ls -al /"]
    }
  ]
}
