{
  "variables": {
    "ncp_access_key": "eI2p5aZ99AkCcLx63ncu",
    "ncp_secret_key": "ERu0Rk6uabvIvRF3SyM4Nigu66oMPKxbbwXtYR7i"
  },
  "builders": [
    {
      "type": "ncp",
      "access_key": "{{user `ncp_access_key`}}",
      "secret_key": "{{user `ncp_secret_key`}}",

      "os_type": "Windows",
      "server_image_product_code": "SPSW0WINNT000016",
      "server_product_code": "SPSVRSTAND000004",
      "server_image_name": "packer-test-{{timestamp}}",
      "server_image_description": "server description",
      "access_control_group_configuration_no": "4656",
      "user_data":
        "CreateObject(\"WScript.Shell\").run(\"cmd.exe /c powershell Set-ExecutionPolicy RemoteSigned & winrm set winrm/config/service/auth @{Basic=\"\"true\"\"} & winrm set winrm/config/service @{AllowUnencrypted=\"\"true\"\"} & winrm quickconfig -q & sc config WinRM start= auto & winrm get winrm/config/service\")",
      "communicator": "winrm",
      "winrm_username": "Administrator"
    }
  ],
  "provisioners": [
    {
      "type": "powershell",
      "inline": [
        "invoke-WebRequest https://nodejs.org/dist/v8.9.1/node-v8.9.1-x64.msi -OutFile node-v8.9.1-x64.msi",
        "& $Env:SystemRoot\\System32\\Sysprep\\Sysprep.exe /oobe /generalize /shutdown /quiet \"/unattend:C:\\Program Files (x86)\\NBP\\nserver64.xml\" "
      ]
    }
  ]
}
