{
  "variables": {
    "ncp_access_key": "f93f5i20r2b0jbOPb9vV",
    "ncp_secret_key": "gCPOpssCVSomOliCoLkruGmEPuqefhzNEV7Oxfan"
  },
  "builders": [
    {
      "type": "ncp",
      "access_key": "{{user `ncp_access_key`}}",
      "secret_key": "{{user `ncp_secret_key`}}",

      "os_type": "Linux",
      "server_image_product_code": "SPSW0LINUX000048",
      "server_product_code": "SPSVRSTAND000054",
      "server_image_name": "packer-test-{{timestamp}}",
      "server_image_description": "server description",
      "block_storage_size": 10,

      "communicator": "ssh",
      "ssh_username": "root"
    }
  ],
  "provisioners": [
    {
      "type": "shell",
      "inline": ["ls -al /"]
    }
  ]
}
