{
  "variables": {
    "ncp_access_key": "T1tcoGqU4eQ8vItfNBHK",
    "ncp_secret_key": "h1VBgseGOGjxmYVupJV36qG3DaXpyj74S1BGAr6C"
  },
  "builders": [
    {
      "type": "ncp",
      "access_key": "{{user `ncp_access_key`}}",
      "secret_key": "{{user `ncp_secret_key`}}",

      "os_type": "Linux",
      "server_image_product_code": "SPSW0LINUX000043",
      "server_product_code": "SPSVRSTAND000004",
      "server_image_name": "packer-test-{{timestamp}}",
      "server_image_description": "server description",
      "block_storage_size": 100,

      "communicator": "ssh",
      "ssh_username": "root"
    }
  ],
  "provisioners": [
    {
      "type": "shell",
      "inline": ["ls -al /"]
    }
  ],
  "post-processors": [
    {
      "type": "shell-local",
      "inline": ["echo foo"]
    }
  ]
}
