{
  "variables": {
    "ncp_access_key": "Z0DO4RNEBWLt6LcRJWfK",
    "ncp_secret_key": "QtcY5h5UlskKxZ6TCzQjEhEcwOgO4MDuQra0KTnu"
  },
  "builders": [
    {
      "type": "ncp",
      "access_key": "{{user `ncp_access_key`}}",
      "secret_key": "{{user `ncp_secret_key`}}",

      "os_type": "Windows",
      "server_image_product_code": "SPSW0WINNT000016",
      "server_product_code": "SPSVRSTAND000004",
      "server_image_name": "packer-test-{{timestamp}}",
      "server_image_description": "server description",
      "access_control_group_configuration_no": "4413",
      "user_data":
        "CreateObject(\"WScript.Shell\").run(\"cmd.exe /c powershell Set-ExecutionPolicy RemoteSigned & winrm set winrm/config/service/auth @{Basic=\"\"true\"\"} & winrm set winrm/config/service @{AllowUnencrypted=\"\"true\"\"} & winrm quickconfig -q & sc config WinRM start= auto & winrm get winrm/config/service\") \n Dim oFileSystem \n Set oFileSystem = CreateObject(\"Scripting.FileSystemObject\") \n If Not (oFileSystem.FolderExists(\"C:\\temp\")) Then \n oFileSystem.CreateFolder(\"C:\\temp\") \n End If \n If Not (oFileSystem.FolderExists(\"C:\\temp\\my_folder\")) Then \n oFileSystem.CreateFolder(\"C:\\temp\\my_folder\") \n End If)",
      "communicator": "winrm",      
      "winrm_username": "Administrator"
    }
  ],
  "provisioners": [
    {
      "type": "powershell",
      "inline": [
        "invoke-WebRequest https://nodejs.org/dist/v8.9.1/node-v8.9.1-x64.msi -OutFile node-v8.9.1-x64.msi",
        "& $Env:SystemRoot\\System32\\Sysprep\\Sysprep.exe /oobe /generalize /shutdown /quiet \"/unattend:C:\\Program Files (x86)\\NBP\\nserver64.xml\" "
      ]
    }
  ]
}


 